"constructor","avg_dnfs"
"Alfa Romeo Ferrari","5.5000000000000000"
"AlphaTauri RBPT","4.5000000000000000"
"Ferrari","4.5000000000000000"
"Alpine Renault","4.0000000000000000"
"Haas Ferrari","4.0000000000000000"
"Williams Mercedes","3.3333333333333333"
"McLaren Mercedes","2.5000000000000000"
"Red Bull Racing RBPT","2.5000000000000000"
"Aston Martin Aramco Mercedes","2.0000000000000000"
"Mercedes","1.5000000000000000"
